dataset_id	sample_id	method_id	preprocessing_id	param_set_id	K	metric_name	metric_value	bootstrap_ci_lower	bootstrap_ci_upper	n_spots	notes
GSE285505	GSM8703563_Tumor19	M0_expr_kmeans	log1p_hvg	K4	4	neighbor_agreement	0.661323			3493	
GSE285505	GSM8703563_Tumor19	M0_expr_kmeans	log1p_hvg	K4	4	neighbor_agreement	0.661895			3493	
GSE285505	GSM8703563_Tumor19	M0_expr_kmeans	log1p_hvg	K4	4	neighbor_agreement	0.664758			3493	
GSE285505	GSM8703563_Tumor19	M0_expr_kmeans	log1p_hvg	K6	6	neighbor_agreement	0.576343			3493	
GSE285505	GSM8703563_Tumor19	M0_expr_kmeans	log1p_hvg	K6	6	neighbor_agreement	0.577631			3493	
GSE285505	GSM8703563_Tumor19	M0_expr_kmeans	log1p_hvg	K6	6	neighbor_agreement	0.576295			3493	
GSE285505	GSM8703563_Tumor19	M1_spatial_concat_kmeans	log1p_hvg	K4	4	neighbor_agreement	0.666476			3493	
GSE285505	GSM8703563_Tumor19	M1_spatial_concat_kmeans	log1p_hvg	K4	4	neighbor_agreement	0.667048			3493	
GSE285505	GSM8703563_Tumor19	M1_spatial_concat_kmeans	log1p_hvg	K4	4	neighbor_agreement	0.667335			3493	
GSE285505	GSM8703563_Tumor19	M1_spatial_concat_kmeans	log1p_hvg	K6	6	neighbor_agreement	0.577107			3493	
GSE285505	GSM8703563_Tumor19	M1_spatial_concat_kmeans	log1p_hvg	K6	6	neighbor_agreement	0.572717			3493	
GSE285505	GSM8703563_Tumor19	M1_spatial_concat_kmeans	log1p_hvg	K6	6	neighbor_agreement	0.600678			3493	
GSE285505	GSM8703563_Tumor19	M0_expr_kmeans	log1p_hvg	K4	4	neighbor_agreement	0.661323			3493	
GSE285505	GSM8703563_Tumor19	M0_expr_kmeans	log1p_hvg	K4	4	neighbor_agreement	0.661895			3493	
GSE285505	GSM8703563_Tumor19	M0_expr_kmeans	log1p_hvg	K4	4	neighbor_agreement	0.664758			3493	
GSE285505	GSM8703563_Tumor19	M0_expr_kmeans	log1p_hvg	K6	6	neighbor_agreement	0.576343			3493	
GSE285505	GSM8703563_Tumor19	M0_expr_kmeans	log1p_hvg	K6	6	neighbor_agreement	0.577631			3493	
GSE285505	GSM8703563_Tumor19	M0_expr_kmeans	log1p_hvg	K6	6	neighbor_agreement	0.576295			3493	
GSE285505	GSM8703563_Tumor19	M1_spatial_concat_kmeans	log1p_hvg	K4	4	neighbor_agreement	0.666476			3493	
GSE285505	GSM8703563_Tumor19	M1_spatial_concat_kmeans	log1p_hvg	K4	4	neighbor_agreement	0.667048			3493	
GSE285505	GSM8703563_Tumor19	M1_spatial_concat_kmeans	log1p_hvg	K4	4	neighbor_agreement	0.667335			3493	
GSE285505	GSM8703563_Tumor19	M1_spatial_concat_kmeans	log1p_hvg	K6	6	neighbor_agreement	0.577107			3493	
GSE285505	GSM8703563_Tumor19	M1_spatial_concat_kmeans	log1p_hvg	K6	6	neighbor_agreement	0.572717			3493	
GSE285505	GSM8703563_Tumor19	M1_spatial_concat_kmeans	log1p_hvg	K6	6	neighbor_agreement	0.600678			3493	
GSE285505	GSM8703564_Tumor20	M0_expr_kmeans	log1p_hvg	K4	4	neighbor_agreement	0.810419			2473	
GSE285505	GSM8703564_Tumor20	M0_expr_kmeans	log1p_hvg	K4	4	neighbor_agreement	0.810419			2473	
GSE285505	GSM8703564_Tumor20	M0_expr_kmeans	log1p_hvg	K4	4	neighbor_agreement	0.806376			2473	
GSE285505	GSM8703564_Tumor20	M0_expr_kmeans	log1p_hvg	K6	6	neighbor_agreement	0.736487			2473	
GSE285505	GSM8703564_Tumor20	M0_expr_kmeans	log1p_hvg	K6	6	neighbor_agreement	0.738037			2473	
GSE285505	GSM8703564_Tumor20	M0_expr_kmeans	log1p_hvg	K6	6	neighbor_agreement	0.738037			2473	
GSE285505	GSM8703564_Tumor20	M1_spatial_concat_kmeans	log1p_hvg	K4	4	neighbor_agreement	0.810756			2473	
GSE285505	GSM8703564_Tumor20	M1_spatial_concat_kmeans	log1p_hvg	K4	4	neighbor_agreement	0.810756			2473	
GSE285505	GSM8703564_Tumor20	M1_spatial_concat_kmeans	log1p_hvg	K4	4	neighbor_agreement	0.806712			2473	
GSE285505	GSM8703564_Tumor20	M1_spatial_concat_kmeans	log1p_hvg	K6	6	neighbor_agreement	0.735476			2473	
GSE285505	GSM8703564_Tumor20	M1_spatial_concat_kmeans	log1p_hvg	K6	6	neighbor_agreement	0.737498			2473	
GSE285505	GSM8703564_Tumor20	M1_spatial_concat_kmeans	log1p_hvg	K6	6	neighbor_agreement	0.738037			2473	
GSE285505	GSM8703565_Tumor24	M0_expr_kmeans	log1p_hvg	K4	4	neighbor_agreement	0.792544			3563	
GSE285505	GSM8703565_Tumor24	M0_expr_kmeans	log1p_hvg	K4	4	neighbor_agreement	0.792544			3563	
GSE285505	GSM8703565_Tumor24	M0_expr_kmeans	log1p_hvg	K4	4	neighbor_agreement	0.792731			3563	
GSE285505	GSM8703565_Tumor24	M0_expr_kmeans	log1p_hvg	K6	6	neighbor_agreement	0.723033			3563	
GSE285505	GSM8703565_Tumor24	M0_expr_kmeans	log1p_hvg	K6	6	neighbor_agreement	0.723407			3563	
GSE285505	GSM8703565_Tumor24	M0_expr_kmeans	log1p_hvg	K6	6	neighbor_agreement	0.723407			3563	
GSE285505	GSM8703565_Tumor24	M1_spatial_concat_kmeans	log1p_hvg	K4	4	neighbor_agreement	0.793105			3563	
GSE285505	GSM8703565_Tumor24	M1_spatial_concat_kmeans	log1p_hvg	K4	4	neighbor_agreement	0.791			3563	
GSE285505	GSM8703565_Tumor24	M1_spatial_concat_kmeans	log1p_hvg	K4	4	neighbor_agreement	0.793573			3563	
GSE285505	GSM8703565_Tumor24	M1_spatial_concat_kmeans	log1p_hvg	K6	6	neighbor_agreement	0.724015			3563	
GSE285505	GSM8703565_Tumor24	M1_spatial_concat_kmeans	log1p_hvg	K6	6	neighbor_agreement	0.724857			3563	
GSE285505	GSM8703565_Tumor24	M1_spatial_concat_kmeans	log1p_hvg	K6	6	neighbor_agreement	0.725138			3563	
GSE285505	GSM8703566_Tumor26	M0_expr_kmeans	log1p_hvg	K4	4	neighbor_agreement	0.648414			3415	
GSE285505	GSM8703566_Tumor26	M0_expr_kmeans	log1p_hvg	K4	4	neighbor_agreement	0.648902			3415	
GSE285505	GSM8703566_Tumor26	M0_expr_kmeans	log1p_hvg	K4	4	neighbor_agreement	0.648755			3415	
GSE285505	GSM8703566_Tumor26	M0_expr_kmeans	log1p_hvg	K6	6	neighbor_agreement	0.589898			3415	
GSE285505	GSM8703566_Tumor26	M0_expr_kmeans	log1p_hvg	K6	6	neighbor_agreement	0.590532			3415	
GSE285505	GSM8703566_Tumor26	M0_expr_kmeans	log1p_hvg	K6	6	neighbor_agreement	0.591459			3415	
GSE285505	GSM8703566_Tumor26	M1_spatial_concat_kmeans	log1p_hvg	K4	4	neighbor_agreement	0.648853			3415	
GSE285505	GSM8703566_Tumor26	M1_spatial_concat_kmeans	log1p_hvg	K4	4	neighbor_agreement	0.648853			3415	
GSE285505	GSM8703566_Tumor26	M1_spatial_concat_kmeans	log1p_hvg	K4	4	neighbor_agreement	0.648853			3415	
GSE285505	GSM8703566_Tumor26	M1_spatial_concat_kmeans	log1p_hvg	K6	6	neighbor_agreement	0.592191			3415	
GSE285505	GSM8703566_Tumor26	M1_spatial_concat_kmeans	log1p_hvg	K6	6	neighbor_agreement	0.590142			3415	
GSE285505	GSM8703566_Tumor26	M1_spatial_concat_kmeans	log1p_hvg	K6	6	neighbor_agreement	0.592582			3415	
GSE311294	GSM9322957_TR11_206	M0_expr_kmeans	log1p_hvg	K4	4	neighbor_agreement	0.725726			3742	
GSE311294	GSM9322957_TR11_206	M0_expr_kmeans	log1p_hvg	K4	4	neighbor_agreement	0.725726			3742	
GSE311294	GSM9322957_TR11_206	M0_expr_kmeans	log1p_hvg	K4	4	neighbor_agreement	0.726305			3742	
GSE311294	GSM9322957_TR11_206	M0_expr_kmeans	log1p_hvg	K6	6	neighbor_agreement	0.677312			3742	
GSE311294	GSM9322957_TR11_206	M0_expr_kmeans	log1p_hvg	K6	6	neighbor_agreement	0.677356			3742	
GSE311294	GSM9322957_TR11_206	M0_expr_kmeans	log1p_hvg	K6	6	neighbor_agreement	0.677			3742	
GSE311294	GSM9322957_TR11_206	M1_spatial_concat_kmeans	log1p_hvg	K4	4	neighbor_agreement	0.725726			3742	
GSE311294	GSM9322957_TR11_206	M1_spatial_concat_kmeans	log1p_hvg	K4	4	neighbor_agreement	0.725904			3742	
GSE311294	GSM9322957_TR11_206	M1_spatial_concat_kmeans	log1p_hvg	K4	4	neighbor_agreement	0.725726			3742	
GSE311294	GSM9322957_TR11_206	M1_spatial_concat_kmeans	log1p_hvg	K6	6	neighbor_agreement	0.678024			3742	
GSE311294	GSM9322957_TR11_206	M1_spatial_concat_kmeans	log1p_hvg	K6	6	neighbor_agreement	0.677178			3742	
GSE311294	GSM9322957_TR11_206	M1_spatial_concat_kmeans	log1p_hvg	K6	6	neighbor_agreement	0.679227			3742	
GSE267401	GSM8265211_CTC21P	M0_expr_kmeans	log1p_hvg	K4	4	neighbor_agreement	0.868266			4690	
GSE267401	GSM8265211_CTC21P	M0_expr_kmeans	log1p_hvg	K4	4	neighbor_agreement	0.868017			4690	
GSE267401	GSM8265211_CTC21P	M0_expr_kmeans	log1p_hvg	K4	4	neighbor_agreement	0.868017			4690	
GSE267401	GSM8265211_CTC21P	M0_expr_kmeans	log1p_hvg	K6	6	neighbor_agreement	0.689694			4690	
GSE267401	GSM8265211_CTC21P	M0_expr_kmeans	log1p_hvg	K6	6	neighbor_agreement	0.688984			4690	
GSE267401	GSM8265211_CTC21P	M0_expr_kmeans	log1p_hvg	K6	6	neighbor_agreement	0.689694			4690	
GSE267401	GSM8265211_CTC21P	M1_spatial_concat_kmeans	log1p_hvg	K4	4	neighbor_agreement	0.868266			4690	
GSE267401	GSM8265211_CTC21P	M1_spatial_concat_kmeans	log1p_hvg	K4	4	neighbor_agreement	0.868266			4690	
GSE267401	GSM8265211_CTC21P	M1_spatial_concat_kmeans	log1p_hvg	K4	4	neighbor_agreement	0.868266			4690	
GSE267401	GSM8265211_CTC21P	M1_spatial_concat_kmeans	log1p_hvg	K6	6	neighbor_agreement	0.689623			4690	
GSE267401	GSM8265211_CTC21P	M1_spatial_concat_kmeans	log1p_hvg	K6	6	neighbor_agreement	0.689375			4690	
GSE267401	GSM8265211_CTC21P	M1_spatial_concat_kmeans	log1p_hvg	K6	6	neighbor_agreement	0.689375			4690	
GSE311294	GSM9322957_TR11_206	M0_expr_kmeans	log1p_hvg	K4	4	neighbor_agreement	0.725726			3742	
GSE311294	GSM9322957_TR11_206	M0_expr_kmeans	log1p_hvg	K4	4	neighbor_agreement	0.725726			3742	
GSE311294	GSM9322957_TR11_206	M0_expr_kmeans	log1p_hvg	K4	4	neighbor_agreement	0.726305			3742	
GSE311294	GSM9322957_TR11_206	M0_expr_kmeans	log1p_hvg	K6	6	neighbor_agreement	0.677312			3742	
GSE311294	GSM9322957_TR11_206	M0_expr_kmeans	log1p_hvg	K6	6	neighbor_agreement	0.677356			3742	
GSE311294	GSM9322957_TR11_206	M0_expr_kmeans	log1p_hvg	K6	6	neighbor_agreement	0.677			3742	
GSE311294	GSM9322957_TR11_206	M1_spatial_concat_kmeans	log1p_hvg	K4	4	neighbor_agreement	0.725726			3742	
GSE311294	GSM9322957_TR11_206	M1_spatial_concat_kmeans	log1p_hvg	K4	4	neighbor_agreement	0.725904			3742	
GSE311294	GSM9322957_TR11_206	M1_spatial_concat_kmeans	log1p_hvg	K4	4	neighbor_agreement	0.725726			3742	
GSE311294	GSM9322957_TR11_206	M1_spatial_concat_kmeans	log1p_hvg	K6	6	neighbor_agreement	0.678024			3742	
GSE311294	GSM9322957_TR11_206	M1_spatial_concat_kmeans	log1p_hvg	K6	6	neighbor_agreement	0.677178			3742	
GSE311294	GSM9322957_TR11_206	M1_spatial_concat_kmeans	log1p_hvg	K6	6	neighbor_agreement	0.679227			3742	
GSE311294	GSM9322958_TR11_16184	M0_expr_kmeans	log1p_hvg	K4	4	neighbor_agreement	0.722809			4732	
GSE311294	GSM9322958_TR11_16184	M0_expr_kmeans	log1p_hvg	K4	4	neighbor_agreement	0.725556			4732	
GSE311294	GSM9322958_TR11_16184	M0_expr_kmeans	log1p_hvg	K4	4	neighbor_agreement	0.725556			4732	
GSE311294	GSM9322958_TR11_16184	M0_expr_kmeans	log1p_hvg	K6	6	neighbor_agreement	0.66399			4732	
GSE311294	GSM9322958_TR11_16184	M0_expr_kmeans	log1p_hvg	K6	6	neighbor_agreement	0.664236			4732	
GSE311294	GSM9322958_TR11_16184	M0_expr_kmeans	log1p_hvg	K6	6	neighbor_agreement	0.654762			4732	
GSE311294	GSM9322958_TR11_16184	M1_spatial_concat_kmeans	log1p_hvg	K4	4	neighbor_agreement	0.725627			4732	
GSE311294	GSM9322958_TR11_16184	M1_spatial_concat_kmeans	log1p_hvg	K4	4	neighbor_agreement	0.725627			4732	
GSE311294	GSM9322958_TR11_16184	M1_spatial_concat_kmeans	log1p_hvg	K4	4	neighbor_agreement	0.725627			4732	
GSE311294	GSM9322958_TR11_16184	M1_spatial_concat_kmeans	log1p_hvg	K6	6	neighbor_agreement	0.664131			4732	
GSE311294	GSM9322958_TR11_16184	M1_spatial_concat_kmeans	log1p_hvg	K6	6	neighbor_agreement	0.663532			4732	
GSE311294	GSM9322958_TR11_16184	M1_spatial_concat_kmeans	log1p_hvg	K6	6	neighbor_agreement	0.655114			4732	
GSE311294	GSM9322959_TR11_18105	M0_expr_kmeans	log1p_hvg	K4	4	neighbor_agreement	0.801797			3673	
GSE311294	GSM9322959_TR11_18105	M0_expr_kmeans	log1p_hvg	K4	4	neighbor_agreement	0.801162			3673	
GSE311294	GSM9322959_TR11_18105	M0_expr_kmeans	log1p_hvg	K4	4	neighbor_agreement	0.801162			3673	
GSE311294	GSM9322959_TR11_18105	M0_expr_kmeans	log1p_hvg	K6	6	neighbor_agreement	0.732644			3673	
GSE311294	GSM9322959_TR11_18105	M0_expr_kmeans	log1p_hvg	K6	6	neighbor_agreement	0.732235			3673	
GSE311294	GSM9322959_TR11_18105	M0_expr_kmeans	log1p_hvg	K6	6	neighbor_agreement	0.732734			3673	
GSE311294	GSM9322959_TR11_18105	M1_spatial_concat_kmeans	log1p_hvg	K4	4	neighbor_agreement	0.801525			3673	
GSE311294	GSM9322959_TR11_18105	M1_spatial_concat_kmeans	log1p_hvg	K4	4	neighbor_agreement	0.800481			3673	
GSE311294	GSM9322959_TR11_18105	M1_spatial_concat_kmeans	log1p_hvg	K4	4	neighbor_agreement	0.800481			3673	
GSE311294	GSM9322959_TR11_18105	M1_spatial_concat_kmeans	log1p_hvg	K6	6	neighbor_agreement	0.732825			3673	
GSE311294	GSM9322959_TR11_18105	M1_spatial_concat_kmeans	log1p_hvg	K6	6	neighbor_agreement	0.732507			3673	
GSE311294	GSM9322959_TR11_18105	M1_spatial_concat_kmeans	log1p_hvg	K6	6	neighbor_agreement	0.73278			3673	
GSE311294	GSM9322960_TR11_21723	M0_expr_kmeans	log1p_hvg	K4	4	neighbor_agreement	0.865352			4362	
GSE311294	GSM9322960_TR11_21723	M0_expr_kmeans	log1p_hvg	K4	4	neighbor_agreement	0.865352			4362	
GSE311294	GSM9322960_TR11_21723	M0_expr_kmeans	log1p_hvg	K4	4	neighbor_agreement	0.865314			4362	
GSE311294	GSM9322960_TR11_21723	M0_expr_kmeans	log1p_hvg	K6	6	neighbor_agreement	0.754661			4362	
GSE311294	GSM9322960_TR11_21723	M0_expr_kmeans	log1p_hvg	K6	6	neighbor_agreement	0.754814			4362	
GSE311294	GSM9322960_TR11_21723	M0_expr_kmeans	log1p_hvg	K6	6	neighbor_agreement	0.754661			4362	
GSE311294	GSM9322960_TR11_21723	M1_spatial_concat_kmeans	log1p_hvg	K4	4	neighbor_agreement	0.866002			4362	
GSE311294	GSM9322960_TR11_21723	M1_spatial_concat_kmeans	log1p_hvg	K4	4	neighbor_agreement	0.865543			4362	
GSE311294	GSM9322960_TR11_21723	M1_spatial_concat_kmeans	log1p_hvg	K4	4	neighbor_agreement	0.865773			4362	
GSE311294	GSM9322960_TR11_21723	M1_spatial_concat_kmeans	log1p_hvg	K6	6	neighbor_agreement	0.754241			4362	
GSE311294	GSM9322960_TR11_21723	M1_spatial_concat_kmeans	log1p_hvg	K6	6	neighbor_agreement	0.754279			4362	
GSE311294	GSM9322960_TR11_21723	M1_spatial_concat_kmeans	log1p_hvg	K6	6	neighbor_agreement	0.753515			4362	
GSE311294	GSM9322961_TR16_23542	M0_expr_kmeans	log1p_hvg	K4	4	neighbor_agreement	0.867295			4564	
GSE311294	GSM9322961_TR16_23542	M0_expr_kmeans	log1p_hvg	K4	4	neighbor_agreement	0.867295			4564	
GSE311294	GSM9322961_TR16_23542	M0_expr_kmeans	log1p_hvg	K4	4	neighbor_agreement	0.867295			4564	
GSE311294	GSM9322961_TR16_23542	M0_expr_kmeans	log1p_hvg	K6	6	neighbor_agreement	0.759275			4564	
GSE311294	GSM9322961_TR16_23542	M0_expr_kmeans	log1p_hvg	K6	6	neighbor_agreement	0.758582			4564	
GSE311294	GSM9322961_TR16_23542	M0_expr_kmeans	log1p_hvg	K6	6	neighbor_agreement	0.760006			4564	
GSE311294	GSM9322961_TR16_23542	M1_spatial_concat_kmeans	log1p_hvg	K4	4	neighbor_agreement	0.86777			4564	
GSE311294	GSM9322961_TR16_23542	M1_spatial_concat_kmeans	log1p_hvg	K4	4	neighbor_agreement	0.86777			4564	
GSE311294	GSM9322961_TR16_23542	M1_spatial_concat_kmeans	log1p_hvg	K4	4	neighbor_agreement	0.86777			4564	
GSE311294	GSM9322961_TR16_23542	M1_spatial_concat_kmeans	log1p_hvg	K6	6	neighbor_agreement	0.758837			4564	
GSE311294	GSM9322961_TR16_23542	M1_spatial_concat_kmeans	log1p_hvg	K6	6	neighbor_agreement	0.758837			4564	
GSE311294	GSM9322961_TR16_23542	M1_spatial_concat_kmeans	log1p_hvg	K6	6	neighbor_agreement	0.759056			4564	
GSE267401	GSM8265211_CTC21P	M0_expr_kmeans	log1p_hvg	K4	4	neighbor_agreement	0.868266			4690	
GSE267401	GSM8265211_CTC21P	M0_expr_kmeans	log1p_hvg	K4	4	neighbor_agreement	0.868017			4690	
GSE267401	GSM8265211_CTC21P	M0_expr_kmeans	log1p_hvg	K4	4	neighbor_agreement	0.868017			4690	
GSE267401	GSM8265211_CTC21P	M0_expr_kmeans	log1p_hvg	K6	6	neighbor_agreement	0.689694			4690	
GSE267401	GSM8265211_CTC21P	M0_expr_kmeans	log1p_hvg	K6	6	neighbor_agreement	0.688984			4690	
GSE267401	GSM8265211_CTC21P	M0_expr_kmeans	log1p_hvg	K6	6	neighbor_agreement	0.689694			4690	
GSE267401	GSM8265211_CTC21P	M1_spatial_concat_kmeans	log1p_hvg	K4	4	neighbor_agreement	0.868266			4690	
GSE267401	GSM8265211_CTC21P	M1_spatial_concat_kmeans	log1p_hvg	K4	4	neighbor_agreement	0.868266			4690	
GSE267401	GSM8265211_CTC21P	M1_spatial_concat_kmeans	log1p_hvg	K4	4	neighbor_agreement	0.868266			4690	
GSE267401	GSM8265211_CTC21P	M1_spatial_concat_kmeans	log1p_hvg	K6	6	neighbor_agreement	0.689623			4690	
GSE267401	GSM8265211_CTC21P	M1_spatial_concat_kmeans	log1p_hvg	K6	6	neighbor_agreement	0.689375			4690	
GSE267401	GSM8265211_CTC21P	M1_spatial_concat_kmeans	log1p_hvg	K6	6	neighbor_agreement	0.689375			4690	
GSE267401	GSM8265212_CTC21M	M0_expr_kmeans	log1p_hvg	K4	4	neighbor_agreement	0.670657			3884	
GSE267401	GSM8265212_CTC21M	M0_expr_kmeans	log1p_hvg	K4	4	neighbor_agreement	0.670057			3884	
GSE267401	GSM8265212_CTC21M	M0_expr_kmeans	log1p_hvg	K4	4	neighbor_agreement	0.671816			3884	
GSE267401	GSM8265212_CTC21M	M0_expr_kmeans	log1p_hvg	K6	6	neighbor_agreement	0.668941			3884	
GSE267401	GSM8265212_CTC21M	M0_expr_kmeans	log1p_hvg	K6	6	neighbor_agreement	0.670271			3884	
GSE267401	GSM8265212_CTC21M	M0_expr_kmeans	log1p_hvg	K6	6	neighbor_agreement	0.673146			3884	
GSE267401	GSM8265212_CTC21M	M1_spatial_concat_kmeans	log1p_hvg	K4	4	neighbor_agreement	0.6704			3884	
GSE267401	GSM8265212_CTC21M	M1_spatial_concat_kmeans	log1p_hvg	K4	4	neighbor_agreement	0.671559			3884	
GSE267401	GSM8265212_CTC21M	M1_spatial_concat_kmeans	log1p_hvg	K4	4	neighbor_agreement	0.671816			3884	
GSE267401	GSM8265212_CTC21M	M1_spatial_concat_kmeans	log1p_hvg	K6	6	neighbor_agreement	0.669628			3884	
GSE267401	GSM8265212_CTC21M	M1_spatial_concat_kmeans	log1p_hvg	K6	6	neighbor_agreement	0.670915			3884	
GSE267401	GSM8265212_CTC21M	M1_spatial_concat_kmeans	log1p_hvg	K6	6	neighbor_agreement	0.674519			3884	
GSE267401	GSM8265213_CTC17P	M0_expr_kmeans	log1p_hvg	K4	4	neighbor_agreement	0.700439			3721	
GSE267401	GSM8265213_CTC17P	M0_expr_kmeans	log1p_hvg	K4	4	neighbor_agreement	0.704201			3721	
GSE267401	GSM8265213_CTC17P	M0_expr_kmeans	log1p_hvg	K4	4	neighbor_agreement	0.700305			3721	
GSE267401	GSM8265213_CTC17P	M0_expr_kmeans	log1p_hvg	K6	6	neighbor_agreement	0.727089			3721	
GSE267401	GSM8265213_CTC17P	M0_expr_kmeans	log1p_hvg	K6	6	neighbor_agreement	0.718131			3721	
GSE267401	GSM8265213_CTC17P	M0_expr_kmeans	log1p_hvg	K6	6	neighbor_agreement	0.728792			3721	
GSE267401	GSM8265213_CTC17P	M1_spatial_concat_kmeans	log1p_hvg	K4	4	neighbor_agreement	0.702186			3721	
GSE267401	GSM8265213_CTC17P	M1_spatial_concat_kmeans	log1p_hvg	K4	4	neighbor_agreement	0.701693			3721	
GSE267401	GSM8265213_CTC17P	M1_spatial_concat_kmeans	log1p_hvg	K4	4	neighbor_agreement	0.702947			3721	
GSE267401	GSM8265213_CTC17P	M1_spatial_concat_kmeans	log1p_hvg	K6	6	neighbor_agreement	0.730314			3721	
GSE267401	GSM8265213_CTC17P	M1_spatial_concat_kmeans	log1p_hvg	K6	6	neighbor_agreement	0.729374			3721	
GSE267401	GSM8265213_CTC17P	M1_spatial_concat_kmeans	log1p_hvg	K6	6	neighbor_agreement	0.728299			3721	
GSE267401	GSM8265214_CTC17M	M0_expr_kmeans	log1p_hvg	K4	4	neighbor_agreement	0.612431			4757	
GSE267401	GSM8265214_CTC17M	M0_expr_kmeans	log1p_hvg	K4	4	neighbor_agreement	0.612396			4757	
GSE267401	GSM8265214_CTC17M	M0_expr_kmeans	log1p_hvg	K4	4	neighbor_agreement	0.613096			4757	
GSE267401	GSM8265214_CTC17M	M0_expr_kmeans	log1p_hvg	K6	6	neighbor_agreement	0.516852			4757	
GSE267401	GSM8265214_CTC17M	M0_expr_kmeans	log1p_hvg	K6	6	neighbor_agreement	0.516852			4757	
GSE267401	GSM8265214_CTC17M	M0_expr_kmeans	log1p_hvg	K6	6	neighbor_agreement	0.517378			4757	
GSE267401	GSM8265214_CTC17M	M1_spatial_concat_kmeans	log1p_hvg	K4	4	neighbor_agreement	0.612256			4757	
GSE267401	GSM8265214_CTC17M	M1_spatial_concat_kmeans	log1p_hvg	K4	4	neighbor_agreement	0.61208			4757	
GSE267401	GSM8265214_CTC17M	M1_spatial_concat_kmeans	log1p_hvg	K4	4	neighbor_agreement	0.612501			4757	
GSE267401	GSM8265214_CTC17M	M1_spatial_concat_kmeans	log1p_hvg	K6	6	neighbor_agreement	0.515136			4757	
GSE267401	GSM8265214_CTC17M	M1_spatial_concat_kmeans	log1p_hvg	K6	6	neighbor_agreement	0.515206			4757	
GSE267401	GSM8265214_CTC17M	M1_spatial_concat_kmeans	log1p_hvg	K6	6	neighbor_agreement	0.517168			4757	
GSE285505	GSM8703563_Tumor19	M0_expr_kmeans	log1p_hvg	K4	4	neighbor_agreement	0.661323			3493	
GSE285505	GSM8703563_Tumor19	M0_expr_kmeans	log1p_hvg	K4	4	neighbor_agreement	0.661895			3493	
GSE285505	GSM8703563_Tumor19	M0_expr_kmeans	log1p_hvg	K4	4	neighbor_agreement	0.664758			3493	
GSE285505	GSM8703563_Tumor19	M0_expr_kmeans	log1p_hvg	K6	6	neighbor_agreement	0.576343			3493	
GSE285505	GSM8703563_Tumor19	M0_expr_kmeans	log1p_hvg	K6	6	neighbor_agreement	0.577631			3493	
GSE285505	GSM8703563_Tumor19	M0_expr_kmeans	log1p_hvg	K6	6	neighbor_agreement	0.576295			3493	
GSE285505	GSM8703563_Tumor19	M1_spatial_concat_kmeans	log1p_hvg	K4	4	neighbor_agreement	0.666476			3493	
GSE285505	GSM8703563_Tumor19	M1_spatial_concat_kmeans	log1p_hvg	K4	4	neighbor_agreement	0.667048			3493	
GSE285505	GSM8703563_Tumor19	M1_spatial_concat_kmeans	log1p_hvg	K4	4	neighbor_agreement	0.667335			3493	
GSE285505	GSM8703563_Tumor19	M1_spatial_concat_kmeans	log1p_hvg	K6	6	neighbor_agreement	0.577107			3493	
GSE285505	GSM8703563_Tumor19	M1_spatial_concat_kmeans	log1p_hvg	K6	6	neighbor_agreement	0.572717			3493	
GSE285505	GSM8703563_Tumor19	M1_spatial_concat_kmeans	log1p_hvg	K6	6	neighbor_agreement	0.600678			3493	
GSE311294	GSM9322957_TR11_206	M2_spatial_ward	log1p_hvg	K4	4	neighbor_agreement	0.920052			3742	
GSE311294	GSM9322957_TR11_206	M2_spatial_ward	log1p_hvg	K6	6	neighbor_agreement	0.889898			3742	
GSE311294	GSM9322958_TR11_16184	M2_spatial_ward	log1p_hvg	K4	4	neighbor_agreement	0.888595			4732	
GSE311294	GSM9322958_TR11_16184	M2_spatial_ward	log1p_hvg	K6	6	neighbor_agreement	0.880776			4732	
GSE311294	GSM9322959_TR11_18105	M2_spatial_ward	log1p_hvg	K4	4	neighbor_agreement	0.944142			3673	
GSE311294	GSM9322959_TR11_18105	M2_spatial_ward	log1p_hvg	K6	6	neighbor_agreement	0.920773			3673	
GSE311294	GSM9322960_TR11_21723	M2_spatial_ward	log1p_hvg	K4	4	neighbor_agreement	0.958658			4362	
GSE311294	GSM9322960_TR11_21723	M2_spatial_ward	log1p_hvg	K6	6	neighbor_agreement	0.941006			4362	
GSE311294	GSM9322961_TR16_23542	M2_spatial_ward	log1p_hvg	K4	4	neighbor_agreement	0.944457			4564	
GSE311294	GSM9322961_TR16_23542	M2_spatial_ward	log1p_hvg	K6	6	neighbor_agreement	0.908341			4564	
GSE267401	GSM8265211_CTC21P	M2_spatial_ward	log1p_hvg	K4	4	neighbor_agreement	0.954584			4690	
GSE267401	GSM8265211_CTC21P	M2_spatial_ward	log1p_hvg	K6	6	neighbor_agreement	0.935252			4690	
GSE267401	GSM8265212_CTC21M	M2_spatial_ward	log1p_hvg	K4	4	neighbor_agreement	0.960264			3884	
GSE267401	GSM8265212_CTC21M	M2_spatial_ward	log1p_hvg	K6	6	neighbor_agreement	0.934732			3884	
GSE267401	GSM8265213_CTC17P	M2_spatial_ward	log1p_hvg	K4	4	neighbor_agreement	0.983696			3721	
GSE267401	GSM8265213_CTC17P	M2_spatial_ward	log1p_hvg	K6	6	neighbor_agreement	0.963764			3721	
GSE267401	GSM8265214_CTC17M	M2_spatial_ward	log1p_hvg	K4	4	neighbor_agreement	0.959253			4757	
GSE267401	GSM8265214_CTC17M	M2_spatial_ward	log1p_hvg	K6	6	neighbor_agreement	0.938932			4757	
